Top Keywords,Ranking,Results,Traffic ShareBETA,Search Volume,Difficulty,Search Volume / Difficulty
amazon,1,"1,494",N/A,N/A,,N/A
prices,1,"2,127",N/A,N/A,,N/A
rid scan,1,"1,145",N/A,N/A,,N/A
anafen mobil,2,59,N/A,N/A,,N/A
gecode free,2,"2,164",N/A,N/A,,N/A
wish,5,"2,117",N/A,N/A,,N/A
compare,6,"1,424",N/A,N/A,,N/A
and,7,"2,182",N/A,N/A,,N/A
prime,7,"1,245",N/A,N/A,,N/A
shop,7,"2,158",N/A,N/A,,N/A
&,8,"2,184",N/A,N/A,,N/A
shopping,8,"2,174",N/A,N/A,,N/A
mobigage free,12,"2,168",N/A,N/A,,N/A
read,12,"2,027",N/A,N/A,,N/A
reviews,15,"2,020",N/A,N/A,,N/A
amazing,17,"2,124",N/A,N/A,,N/A
review,17,"2,137",N/A,N/A,,N/A
check,21,"2,095",N/A,N/A,,N/A
scanner,32,"2,065",N/A,N/A,,N/A
watch,36,"2,068",N/A,N/A,,N/A
baby,39,"2,118",N/A,N/A,,N/A
or,48,"2,102",N/A,N/A,,N/A
a,64,"2,186",N/A,N/A,,N/A
shipping,68,"2,161",N/A,N/A,,N/A
mobile,77,"2,147",N/A,N/A,,N/A
llc,98,"2,074",N/A,N/A,,N/A
code,185,"2,099",N/A,N/A,,N/A
books,218,"2,079",N/A,N/A,,N/A
qr,371,"2,108",N/A,N/A,,N/A
reader,537,"2,077",N/A,N/A,,N/A
kindle,1,729,N/A,N/A,,N/A
reading,1,"2,031",N/A,N/A,,N/A
textbooks,1,363,N/A,N/A,,N/A
books,2,"2,079",N/A,N/A,,N/A
magazines,2,"2,164",N/A,N/A,,N/A
read,2,"2,027",N/A,N/A,,N/A
book,3,"2,083",N/A,N/A,,N/A
pmagazine,3,"2,166",N/A,N/A,,N/A
anafen mobil,4,59,N/A,N/A,,N/A
ebook,4,"2,052",N/A,N/A,,N/A
textbook,5,362,N/A,N/A,,N/A
amazon,6,"1,494",N/A,N/A,,N/A
magazine,6,"2,163",N/A,N/A,,N/A
audiobooks,17,"2,128",N/A,N/A,,N/A
mobigage free,20,"2,168",N/A,N/A,,N/A
manga,31,"2,128",N/A,N/A,,N/A
iphone,38,"2,096",N/A,N/A,,N/A
pdfs,40,"1,956",N/A,N/A,,N/A
&,41,"2,184",N/A,N/A,,N/A
and,42,"2,182",N/A,N/A,,N/A
amazing,46,"2,124",N/A,N/A,,N/A
pdf,61,"1,952",N/A,N/A,,N/A
audio,62,"2,071",N/A,N/A,,N/A
for iphone,74,"2,073",N/A,N/A,,N/A
app,79,"2,200",N/A,N/A,,N/A
mobile,118,"2,147",N/A,N/A,,N/A
llc,125,"2,074",N/A,N/A,,N/A
for,260,"2,081",N/A,N/A,,N/A
reader,304,"2,077",N/A,N/A,,N/A
readers,-,0,N/A,N/A,,N/A
acrobat,1,171,N/A,N/A,,N/A
adobe,1,953,N/A,N/A,,N/A
pdf,1,"1,952",N/A,N/A,,N/A
pdfs,1,"1,956",N/A,N/A,,N/A
annotate,2,398,N/A,N/A,,N/A
rid scan,2,"1,145",N/A,N/A,,N/A
viewer,2,"2,123",N/A,N/A,,N/A
reader,4,"2,077",N/A,N/A,,N/A
highlight,11,760,N/A,N/A,,N/A
mobileiron,13,65,N/A,N/A,,N/A
forms,14,"1,947",N/A,N/A,,N/A
annotation,15,560,N/A,N/A,,N/A
view,20,"2,105",N/A,N/A,,N/A
send,28,"2,054",N/A,N/A,,N/A
scanned,33,"2,048",N/A,N/A,,N/A
export,44,"1,076",N/A,N/A,,N/A
scan,46,"2,035",N/A,N/A,,N/A
usearch,52,"2,111",N/A,N/A,,N/A
and,77,"2,182",N/A,N/A,,N/A
comments,78,889,N/A,N/A,,N/A
&,79,"2,184",N/A,N/A,,N/A
a,102,"2,186",N/A,N/A,,N/A
convert,139,"2,017",N/A,N/A,,N/A
app,159,"2,200",N/A,N/A,,N/A
edit,275,"2,050",N/A,N/A,,N/A
converter,431,"2,062",N/A,N/A,,N/A
editor,1259,"2,072",N/A,N/A,,N/A
files,-,"2,034",N/A,N/A,,N/A
open,-,"2,110",N/A,N/A,,N/A
share,-,"2,121",N/A,N/A,,N/A
new emoticons,1,224,N/A,N/A,,N/A
emoticons,6,"1,931",N/A,N/A,,N/A
symbols,7,"2,000",N/A,N/A,,N/A
simeji,8,47,N/A,N/A,,N/A
japanizer,9,"2,130",N/A,N/A,,N/A
3000,10,"1,513",N/A,N/A,,N/A
400,10,"1,381",N/A,N/A,,N/A
emotion,11,"1,892",N/A,N/A,,N/A
productivity keyboard,22,"1,194",N/A,N/A,,N/A
smiley,25,"1,879",N/A,N/A,,N/A
japanese,26,"2,136",N/A,N/A,,N/A
icon,31,"2,136",N/A,N/A,,N/A
characters,36,"2,104",N/A,N/A,,N/A
emoticon,38,"2,077",N/A,N/A,,N/A
symbol,42,"2,058",N/A,N/A,,N/A
smileys,43,"1,853",N/A,N/A,,N/A
keyboard,48,"2,110",N/A,N/A,,N/A
emojis,70,"2,105",N/A,N/A,,N/A
iphone,70,"2,096",N/A,N/A,,N/A
300,75,"2,065",N/A,N/A,,N/A
character,76,"2,117",N/A,N/A,,N/A
emoji keyboard,78,"2,106",N/A,N/A,,N/A
icons,87,"2,120",N/A,N/A,,N/A
emoji,110,"2,145",N/A,N/A,,N/A
for iphone,120,"2,073",N/A,N/A,,N/A
new,126,"2,147",N/A,N/A,,N/A
free,210,"2,160",N/A,N/A,,N/A
keyboards,242,"2,089",N/A,N/A,,N/A
best,339,"2,108",N/A,N/A,,N/A
for,438,"2,081",N/A,N/A,,N/A
itunes,3,136,N/A,N/A,,N/A
courses,6,"2,148",N/A,N/A,,N/A
program,6,"2,070",N/A,N/A,,N/A
course,7,"2,145",N/A,N/A,,N/A
coursera,7,25,N/A,N/A,,N/A
university,7,"2,186",N/A,N/A,,N/A
reference,8,"2,141",N/A,N/A,,N/A
khan,10,"1,999",N/A,N/A,,N/A
apple,11,"2,099",N/A,N/A,,N/A
learning,14,"2,035",N/A,N/A,,N/A
find my,15,"1,090",N/A,N/A,,N/A
history,15,"2,080",N/A,N/A,,N/A
school,15,"2,076",N/A,N/A,,N/A
schools,15,"2,100",N/A,N/A,,N/A
science,16,"2,094",N/A,N/A,,N/A
education,17,"2,068",N/A,N/A,,N/A
remote,19,"2,115",N/A,N/A,,N/A
math,21,"2,034",N/A,N/A,,N/A
programming,22,"1,189",N/A,N/A,,N/A
maths,23,"2,001",N/A,N/A,,N/A
tunes,24,"2,106",N/A,N/A,,N/A
mathematics,26,"2,025",N/A,N/A,,N/A
you,43,"2,099",N/A,N/A,,N/A
college,60,"2,119",N/A,N/A,,N/A
tune,68,"2,074",N/A,N/A,,N/A
educational,82,"2,008",N/A,N/A,,N/A
scientific,125,"2,069",N/A,N/A,,N/A
learn,128,"2,078",N/A,N/A,,N/A
apps,1559,"2,200",N/A,N/A,,N/A
app,1599,"2,200",N/A,N/A,,N/A
netflix,1,66,N/A,N/A,,N/A
nex,2,120,N/A,N/A,,N/A
shows,3,"2,129",N/A,N/A,,N/A
upflix,3,11,N/A,N/A,,N/A
chromecast,4,248,N/A,N/A,,N/A
film,4,"2,085",N/A,N/A,,N/A
orange is the new black,6,18,N/A,N/A,,N/A
streaming,8,"2,094",N/A,N/A,,N/A
movie,10,"2,100",N/A,N/A,,N/A
rotten tomatoes,12,61,N/A,N/A,,N/A
crackle,15,106,N/A,N/A,,N/A
playbox,15,57,N/A,N/A,,N/A
documentary,16,250,N/A,N/A,,N/A
imdb,16,30,N/A,N/A,,N/A
prime,16,"1,245",N/A,N/A,,N/A
fox,21,"2,128",N/A,N/A,,N/A
tv,27,"2,123",N/A,N/A,,N/A
daredevil,32,132,N/A,N/A,,N/A
plex,42,144,N/A,N/A,,N/A
videos,94,"2,099",N/A,N/A,,N/A
tv series,113,681,N/A,N/A,,N/A
original,123,"2,082",N/A,N/A,,N/A
series,137,"2,116",N/A,N/A,,N/A
lifestyle,203,"2,113",N/A,N/A,,N/A
tv show,212,"1,563",N/A,N/A,,N/A
movies,325,"2,068",N/A,N/A,,N/A
streamer,416,"2,061",N/A,N/A,,N/A
stream,421,"2,076",N/A,N/A,,N/A
show,484,"2,124",N/A,N/A,,N/A
entertainment,742,"2,120",N/A,N/A,,N/A
chase,1,"2,164",N/A,N/A,,N/A
deposit,1,"1,497",N/A,N/A,,N/A
deposits,1,"1,499",N/A,N/A,,N/A
banking,3,"2,194",N/A,N/A,,N/A
discover,3,"2,106",N/A,N/A,,N/A
bank,4,"2,179",N/A,N/A,,N/A
bank mobile,4,"2,183",N/A,N/A,,N/A
mobigage free,4,"2,168",N/A,N/A,,N/A
mobile banking,4,"2,195",N/A,N/A,,N/A
boa,5,239,N/A,N/A,,N/A
citi,5,154,N/A,N/A,,N/A
citibank,5,34,N/A,N/A,,N/A
transfer,6,"2,116",N/A,N/A,,N/A
payments,9,"2,134",N/A,N/A,,N/A
transfers,9,"2,114",N/A,N/A,,N/A
account,11,"2,106",N/A,N/A,,N/A
credit,11,"2,172",N/A,N/A,,N/A
pay,11,"2,135",N/A,N/A,,N/A
barclays,12,80,N/A,N/A,,N/A
balance,14,"2,096",N/A,N/A,,N/A
mobile,14,"2,147",N/A,N/A,,N/A
accounts,15,"2,111",N/A,N/A,,N/A
money,15,"2,124",N/A,N/A,,N/A
bills,24,"2,125",N/A,N/A,,N/A
card,25,"2,127",N/A,N/A,,N/A
cards,25,"2,107",N/A,N/A,,N/A
bill,36,"2,118",N/A,N/A,,N/A
and,44,"2,182",N/A,N/A,,N/A
&,47,"2,184",N/A,N/A,,N/A
app,84,"2,200",N/A,N/A,,N/A
coffeeapp,1,"2,136",N/A,N/A,,N/A
starbucks,1,81,N/A,N/A,,N/A
starburst,1,127,N/A,N/A,,N/A
lifestyle,2,"2,113",N/A,N/A,,N/A
panera,2,56,N/A,N/A,,N/A
drinkit,4,"2,140",N/A,N/A,,N/A
drinkups,4,"2,140",N/A,N/A,,N/A
stores,4,"2,123",N/A,N/A,,N/A
coffee,6,"2,133",N/A,N/A,,N/A
espresso,6,385,N/A,N/A,,N/A
target,6,"2,140",N/A,N/A,,N/A
egift,7,31,N/A,N/A,,N/A
food,8,"2,153",N/A,N/A,,N/A
starbucks secret menu,9,82,N/A,N/A,,N/A
payments,10,"2,134",N/A,N/A,,N/A
foods,12,"2,137",N/A,N/A,,N/A
store,12,"2,118",N/A,N/A,,N/A
menu,14,"2,134",N/A,N/A,,N/A
tea,17,"1,284",N/A,N/A,,N/A
card,18,"2,127",N/A,N/A,,N/A
company,18,"2,136",N/A,N/A,,N/A
payment,23,"2,133",N/A,N/A,,N/A
drink,24,"2,141",N/A,N/A,,N/A
tipping,27,218,N/A,N/A,,N/A
watch,30,"2,068",N/A,N/A,,N/A
order,31,"2,068",N/A,N/A,,N/A
and,35,"2,182",N/A,N/A,,N/A
&,36,"2,184",N/A,N/A,,N/A
drinks,51,"2,123",N/A,N/A,,N/A
app,66,"2,200",N/A,N/A,,N/A
candy,1,"2,158",N/A,N/A,,N/A
candy crush saga,1,"2,148",N/A,N/A,,N/A
facile,1,235,N/A,N/A,,N/A
miglior,1,7,N/A,N/A,,N/A
mobigage free,1,"2,168",N/A,N/A,,N/A
amici,2,117,N/A,N/A,,N/A
hit,4,"2,113",N/A,N/A,,N/A
saga,4,"2,147",N/A,N/A,,N/A
crush,5,"2,145",N/A,N/A,,N/A
easy,7,"2,078",N/A,N/A,,N/A
entertainment,7,"2,120",N/A,N/A,,N/A
play,7,"2,098",N/A,N/A,,N/A
super,7,"2,126",N/A,N/A,,N/A
king,9,"2,128",N/A,N/A,,N/A
playing,10,"2,087",N/A,N/A,,N/A
mobile,11,"2,147",N/A,N/A,,N/A
iphone,15,"2,096",N/A,N/A,,N/A
best,17,"2,108",N/A,N/A,,N/A
iplay,18,167,N/A,N/A,,N/A
match,21,"2,137",N/A,N/A,,N/A
matching,22,"2,129",N/A,N/A,,N/A
new,22,"2,147",N/A,N/A,,N/A
for iphone,31,"2,073",N/A,N/A,,N/A
puzzle,35,"2,120",N/A,N/A,,N/A
fun,36,"2,139",N/A,N/A,,N/A
friends,37,"2,145",N/A,N/A,,N/A
game,38,"2,200",N/A,N/A,,N/A
switch,128,"2,163",N/A,N/A,,N/A
puzzle game,138,"2,109",N/A,N/A,,N/A
by,1,"2,094",N/A,N/A,,N/A
myfitnesspal,1,106,N/A,N/A,,N/A
ncounter,1,"2,102",N/A,N/A,,N/A
foods,2,"2,137",N/A,N/A,,N/A
nutrients,2,"2,114",N/A,N/A,,N/A
calorie,3,"2,053",N/A,N/A,,N/A
calories,3,"2,053",N/A,N/A,,N/A
noom,3,21,N/A,N/A,,N/A
diet,5,"2,078",N/A,N/A,,N/A
database,6,"1,579",N/A,N/A,,N/A
fast,6,"2,108",N/A,N/A,,N/A
fitness,6,"2,063",N/A,N/A,,N/A
weight,6,"2,050",N/A,N/A,,N/A
track,7,"2,080",N/A,N/A,,N/A
tracker,9,"2,075",N/A,N/A,,N/A
counter,12,"2,096",N/A,N/A,,N/A
diary,12,"2,092",N/A,N/A,,N/A
health,12,"2,063",N/A,N/A,,N/A
lose,12,"2,016",N/A,N/A,,N/A
coach,23,"2,104",N/A,N/A,,N/A
my,24,"2,101",N/A,N/A,,N/A
runtastic,30,56,N/A,N/A,,N/A
&,31,"2,184",N/A,N/A,,N/A
and,31,"2,182",N/A,N/A,,N/A
fitbit,31,117,N/A,N/A,,N/A
steps,39,"2,077",N/A,N/A,,N/A
workout,46,"2,020",N/A,N/A,,N/A
food,48,"2,153",N/A,N/A,,N/A
app,54,"2,200",N/A,N/A,,N/A
apps,56,"2,200",N/A,N/A,,N/A
house,1,"2,148",N/A,N/A,,N/A
property,1,"2,167",N/A,N/A,,N/A
zillow,1,131,N/A,N/A,,N/A
estate,2,"2,181",N/A,N/A,,N/A
homes,2,"2,115",N/A,N/A,,N/A
opens,2,"2,106",N/A,N/A,,N/A
real estate,2,"2,182",N/A,N/A,,N/A
rent,3,"2,132",N/A,N/A,,N/A
apartment,6,"1,811",N/A,N/A,,N/A
sale,7,"2,135",N/A,N/A,,N/A
usearch,7,"2,111",N/A,N/A,,N/A
agent,8,"2,102",N/A,N/A,,N/A
re/max,9,201,N/A,N/A,,N/A
searches,9,"2,112",N/A,N/A,,N/A
home,11,"2,122",N/A,N/A,,N/A
real,12,"2,149",N/A,N/A,,N/A
open,17,"2,110",N/A,N/A,,N/A
finder,20,"2,098",N/A,N/A,,N/A
search,20,"2,129",N/A,N/A,,N/A
for,23,"2,081",N/A,N/A,,N/A
listings,35,"2,180",N/A,N/A,,N/A
com,41,"2,152",N/A,N/A,,N/A
find,41,"2,111",N/A,N/A,,N/A
and,47,"2,182",N/A,N/A,,N/A
watch,48,"2,068",N/A,N/A,,N/A
&,51,"2,184",N/A,N/A,,N/A
app,92,"2,200",N/A,N/A,,N/A
by,-,"2,094",N/A,N/A,,N/A
or,-,"2,102",N/A,N/A,,N/A
values,-,"1,483",N/A,N/A,,N/A
nytimes,1,82,N/A,N/A,,N/A
times,1,"2,058",N/A,N/A,,N/A
breaking,3,"2,150",N/A,N/A,,N/A
journalism,4,"2,120",N/A,N/A,,N/A
articles,5,"1,719",N/A,N/A,,N/A
huffington,6,16,N/A,N/A,,N/A
time,7,"2,066",N/A,N/A,,N/A
news,8,"2,175",N/A,N/A,,N/A
pmagazine,9,"2,166",N/A,N/A,,N/A
new york,11,"2,127",N/A,N/A,,N/A
basic,14,"2,072",N/A,N/A,,N/A
blogs,14,"2,111",N/A,N/A,,N/A
magazine,15,"2,163",N/A,N/A,,N/A
multi,19,"2,059",N/A,N/A,,N/A
york,19,"2,142",N/A,N/A,,N/A
watch,21,"2,068",N/A,N/A,,N/A
national,22,"2,176",N/A,N/A,,N/A
local,36,"2,175",N/A,N/A,,N/A
company,37,"2,136",N/A,N/A,,N/A
world,45,"2,098",N/A,N/A,,N/A
new,48,"2,147",N/A,N/A,,N/A
save,51,"2,097",N/A,N/A,,N/A
us,61,"2,114",N/A,N/A,,N/A
2016,160,"2,149",N/A,N/A,,N/A
daily,181,"2,104",N/A,N/A,,N/A
&,227,"2,184",N/A,N/A,,N/A
and,230,"2,182",N/A,N/A,,N/A
apps,415,"2,200",N/A,N/A,,N/A
app,427,"2,200",N/A,N/A,,N/A
business,864,"2,098",N/A,N/A,,N/A
epocrates,1,29,N/A,N/A,,N/A
formulary,6,89,N/A,N/A,,N/A
medicine,11,"2,133",N/A,N/A,,N/A
medscape,15,26,N/A,N/A,,N/A
interactions,16,526,N/A,N/A,,N/A
healthcare,21,"2,146",N/A,N/A,,N/A
pharma,25,674,N/A,N/A,,N/A
obgyn,28,107,N/A,N/A,,N/A
oncology,37,467,N/A,N/A,,N/A
physicians,42,"2,087",N/A,N/A,,N/A
treatment,53,"2,142",N/A,N/A,,N/A
patient,60,"2,131",N/A,N/A,,N/A
drug,63,"2,143",N/A,N/A,,N/A
professionals,79,"2,104",N/A,N/A,,N/A
secure,82,"2,126",N/A,N/A,,N/A
tools,126,"2,057",N/A,N/A,,N/A
medical,138,"2,117",N/A,N/A,,N/A
drugs,179,"2,138",N/A,N/A,,N/A
tool,270,"2,065",N/A,N/A,,N/A
sms,362,"2,080",N/A,N/A,,N/A
professional,403,"2,083",N/A,N/A,,N/A
health,479,"2,063",N/A,N/A,,N/A
fitness,782,"2,063",N/A,N/A,,N/A
&,1054,"2,184",N/A,N/A,,N/A
and,1059,"2,182",N/A,N/A,,N/A
texting,1219,"2,060",N/A,N/A,,N/A
text,1630,"2,045",N/A,N/A,,N/A
reference,1999,"2,141",N/A,N/A,,N/A
more,-,"2,120",N/A,N/A,,N/A
provider,-,0,N/A,N/A,,N/A
internetdj,1,"2,121",N/A,N/A,,N/A
pandora,1,828,N/A,N/A,,N/A
county,2,"2,175",N/A,N/A,,N/A
music radio,3,"2,126",N/A,N/A,,N/A
station,3,"2,094",N/A,N/A,,N/A
genre,4,526,N/A,N/A,,N/A
rhapsody,4,51,N/A,N/A,,N/A
mt,5,"1,410",N/A,N/A,,N/A
&,6,"2,184",N/A,N/A,,N/A
and,6,"2,182",N/A,N/A,,N/A
favorite,6,"2,087",N/A,N/A,,N/A
stations,7,"2,108",N/A,N/A,,N/A
music,8,"2,107",N/A,N/A,,N/A
radio,8,"2,126",N/A,N/A,,N/A
rock,8,"2,148",N/A,N/A,,N/A
finder,9,"2,098",N/A,N/A,,N/A
country,10,"2,153",N/A,N/A,,N/A
media,10,"2,098",N/A,N/A,,N/A
playlist,10,"1,992",N/A,N/A,,N/A
tunein,10,78,N/A,N/A,,N/A
listen,13,"2,080",N/A,N/A,,N/A
radios,14,"2,121",N/A,N/A,,N/A
stream,16,"2,076",N/A,N/A,,N/A
pop,18,"2,143",N/A,N/A,,N/A
songs,18,"2,072",N/A,N/A,,N/A
radio stations,20,"2,149",N/A,N/A,,N/A
free,22,"2,160",N/A,N/A,,N/A
discover,25,"2,106",N/A,N/A,,N/A
find,31,"2,111",N/A,N/A,,N/A
inc.,33,"2,132",N/A,N/A,,N/A
maps,1,"2,089",N/A,N/A,,N/A
navigator,1,"2,119",N/A,N/A,,N/A
publero,1,444,N/A,N/A,,N/A
navigation,2,"2,110",N/A,N/A,,N/A
tripevo lite,2,"2,101",N/A,N/A,,N/A
wmaps,2,"2,071",N/A,N/A,,N/A
google,3,"2,094",N/A,N/A,,N/A
gps,3,"2,093",N/A,N/A,,N/A
travool,3,"2,118",N/A,N/A,,N/A
way,4,"2,137",N/A,N/A,,N/A
&,5,"2,184",N/A,N/A,,N/A
and,5,"2,182",N/A,N/A,,N/A
traffic,5,"2,138",N/A,N/A,,N/A
cities,8,"2,137",N/A,N/A,,N/A
inbox,8,195,N/A,N/A,,N/A
place,8,"2,138",N/A,N/A,,N/A
plan,9,"2,081",N/A,N/A,,N/A
restaurants,10,"2,146",N/A,N/A,,N/A
trip,11,"2,114",N/A,N/A,,N/A
komoot,12,27,N/A,N/A,,N/A
transit,14,"1,920",N/A,N/A,,N/A
travel,16,"2,145",N/A,N/A,,N/A
plus,18,"2,061",N/A,N/A,,N/A
inc.,22,"2,132",N/A,N/A,,N/A
adwords,32,54,N/A,N/A,,N/A
city,47,"2,132",N/A,N/A,,N/A
near me,83,628,N/A,N/A,,N/A
places,-,"2,118",N/A,N/A,,N/A
real-time,-,"2,101",N/A,N/A,,N/A
time,-,"2,066",N/A,N/A,,N/A
twitter,1,"2,109",N/A,N/A,,N/A
katch,2,18,N/A,N/A,,N/A
periscope,2,296,N/A,N/A,,N/A
plume,2,66,N/A,N/A,,N/A
social,2,"2,145",N/A,N/A,,N/A
twhit,2,"1,194",N/A,N/A,,N/A
social network,4,"2,133",N/A,N/A,,N/A
myaccount,10,55,N/A,N/A,,N/A
telegram,16,506,N/A,N/A,,N/A
trading,16,"2,102",N/A,N/A,,N/A
wechat,16,142,N/A,N/A,,N/A
real,17,"2,149",N/A,N/A,,N/A
debate,18,350,N/A,N/A,,N/A
news,25,"2,175",N/A,N/A,,N/A
moment,27,"1,403",N/A,N/A,,N/A
soccer,31,"2,146",N/A,N/A,,N/A
moments,33,"1,417",N/A,N/A,,N/A
videos,41,"2,099",N/A,N/A,,N/A
friendly,42,"1,356",N/A,N/A,,N/A
follow,48,"2,147",N/A,N/A,,N/A
trending,58,988,N/A,N/A,,N/A
training,71,"2,099",N/A,N/A,,N/A
network,116,"2,114",N/A,N/A,,N/A
facebook,122,"2,126",N/A,N/A,,N/A
new,166,"2,147",N/A,N/A,,N/A
emoji,167,"2,145",N/A,N/A,,N/A
emojis,197,"2,105",N/A,N/A,,N/A
inc.,225,"2,132",N/A,N/A,,N/A
sports,1069,"2,135",N/A,N/A,,N/A
video,1655,"2,078",N/A,N/A,,N/A
&,1,"2,184",N/A,N/A,,N/A
and,1,"2,182",N/A,N/A,,N/A
you,1,"2,099",N/A,N/A,,N/A
youtube,1,"2,102",N/A,N/A,,N/A
app,2,"2,200",N/A,N/A,,N/A
chromecast,9,248,N/A,N/A,,N/A
clip cube,9,71,N/A,N/A,,N/A
google,15,"2,094",N/A,N/A,,N/A
subscribe,19,164,N/A,N/A,,N/A
iplay,33,167,N/A,N/A,,N/A
inbox,34,195,N/A,N/A,,N/A
share,37,"2,121",N/A,N/A,,N/A
clips,55,"2,067",N/A,N/A,,N/A
live,67,"2,139",N/A,N/A,,N/A
pop,74,"2,143",N/A,N/A,,N/A
tutorial,77,"2,118",N/A,N/A,,N/A
videos,129,"2,099",N/A,N/A,,N/A
edit,189,"2,050",N/A,N/A,,N/A
watching,198,"2,038",N/A,N/A,,N/A
view,201,"2,105",N/A,N/A,,N/A
upload,213,"1,731",N/A,N/A,,N/A
shares,240,"2,102",N/A,N/A,,N/A
video,273,"2,078",N/A,N/A,,N/A
create,401,"2,018",N/A,N/A,,N/A
movies,513,"2,068",N/A,N/A,,N/A
plus,555,"2,061",N/A,N/A,,N/A
photo,678,"2,107",N/A,N/A,,N/A
line,1181,"2,121",N/A,N/A,,N/A
music,1693,"2,107",N/A,N/A,,N/A
official,-,"2,130",N/A,N/A,,N/A
collaboration,1,"1,560",N/A,N/A,,N/A
pages,1,"2,092",N/A,N/A,,N/A
word processor,1,394,N/A,N/A,,N/A
apple,2,"2,099",N/A,N/A,,N/A
page,2,"2,095",N/A,N/A,,N/A
works,2,"2,106",N/A,N/A,,N/A
processor,7,"1,827",N/A,N/A,,N/A
word,9,"2,121",N/A,N/A,,N/A
excel,10,"1,251",N/A,N/A,,N/A
office,10,"2,054",N/A,N/A,,N/A
process,10,"1,226",N/A,N/A,,N/A
pwc,13,135,N/A,N/A,,N/A
microsoft office,15,505,N/A,N/A,,N/A
writing,15,"2,073",N/A,N/A,,N/A
business,16,"2,098",N/A,N/A,,N/A
note,17,"2,044",N/A,N/A,,N/A
docs,18,753,N/A,N/A,,N/A
documents,19,"1,997",N/A,N/A,,N/A
notes,19,"2,037",N/A,N/A,,N/A
polaris office,23,27,N/A,N/A,,N/A
office 365,32,285,N/A,N/A,,N/A
not,38,"2,021",N/A,N/A,,N/A
document,40,"1,987",N/A,N/A,,N/A
lists,68,"2,090",N/A,N/A,,N/A
work,150,"2,080",N/A,N/A,,N/A
find my,162,"1,090",N/A,N/A,,N/A
words,357,"2,104",N/A,N/A,,N/A
list,491,"2,091",N/A,N/A,,N/A
apps,-,"2,200",N/A,N/A,,N/A
iwork,-,0,N/A,N/A,,N/A
google translate,1,424,N/A,N/A,,N/A
translate,1,"2,096",N/A,N/A,,N/A
translation,1,"2,098",N/A,N/A,,N/A
translator,1,"2,100",N/A,N/A,,N/A
_____,1,88,N/A,N/A,,N/A
itranslate,5,43,N/A,N/A,,N/A
language,6,"2,067",N/A,N/A,,N/A
lens,6,"1,311",N/A,N/A,,N/A
google,8,"2,094",N/A,N/A,,N/A
photosphere,8,43,N/A,N/A,,N/A
dictionary,13,"2,097",N/A,N/A,,N/A
reference,13,"2,141",N/A,N/A,,N/A
rsa,14,144,N/A,N/A,,N/A
adsense,16,67,N/A,N/A,,N/A
mobileiron,26,65,N/A,N/A,,N/A
travel,27,"2,145",N/A,N/A,,N/A
picture dictionary,29,690,N/A,N/A,,N/A
speech,33,"2,046",N/A,N/A,,N/A
conversation,38,"2,137",N/A,N/A,,N/A
translations,41,"2,091",N/A,N/A,,N/A
handwriting,42,713,N/A,N/A,,N/A
adwords,43,54,N/A,N/A,,N/A
travool,77,"2,118",N/A,N/A,,N/A
camera,83,"2,087",N/A,N/A,,N/A
languages,118,"2,056",N/A,N/A,,N/A
word,133,"2,121",N/A,N/A,,N/A
plus,186,"2,061",N/A,N/A,,N/A
voice,231,"2,061",N/A,N/A,,N/A
words,413,"2,104",N/A,N/A,,N/A
inc.,637,"2,132",N/A,N/A,,N/A
facebook,1,"2,126",N/A,N/A,,N/A
app,4,"2,200",N/A,N/A,,N/A
apps,4,"2,200",N/A,N/A,,N/A
for facebook,4,"2,119",N/A,N/A,,N/A
place,5,"2,138",N/A,N/A,,N/A
share,5,"2,121",N/A,N/A,,N/A
messenger,6,"2,136",N/A,N/A,,N/A
path,8,"2,112",N/A,N/A,,N/A
check,9,"2,095",N/A,N/A,,N/A
face,14,"2,142",N/A,N/A,,N/A
post,15,"2,112",N/A,N/A,,N/A
group,16,"2,139",N/A,N/A,,N/A
status,16,"1,603",N/A,N/A,,N/A
in,17,"2,074",N/A,N/A,,N/A
wechat,17,142,N/A,N/A,,N/A
chat,20,"2,163",N/A,N/A,,N/A
sharing,20,"2,106",N/A,N/A,,N/A
posts,21,"2,131",N/A,N/A,,N/A
that,21,"2,140",N/A,N/A,,N/A
facetime,22,41,N/A,N/A,,N/A
places,23,"2,118",N/A,N/A,,N/A
photos,24,"2,102",N/A,N/A,,N/A
line,33,"2,121",N/A,N/A,,N/A
friends,34,"2,145",N/A,N/A,,N/A
network,41,"2,114",N/A,N/A,,N/A
inc.,54,"2,132",N/A,N/A,,N/A
text,178,"2,045",N/A,N/A,,N/A
pic,219,"2,083",N/A,N/A,,N/A
picture,277,"2,091",N/A,N/A,,N/A
photo,1638,"2,107",N/A,N/A,,N/A
espn,1,250,N/A,N/A,,N/A
sports,1,47,N/A,N/A,,N/A
scores,5,250,N/A,N/A,,N/A
nfl,15,250,N/A,N/A,,N/A
tv,26,36,N/A,N/A,,N/A
news,39,79,N/A,N/A,,N/A
mike,42,250,N/A,N/A,,N/A
your,62,250,N/A,N/A,,N/A
interest,75,250,N/A,N/A,,N/A
fans,79,250,N/A,N/A,,N/A
twitter,86,226,N/A,N/A,,N/A
stay,97,250,N/A,N/A,,N/A
feedback,110,247,N/A,N/A,,N/A
moment,125,249,N/A,N/A,,N/A
see,140,230,N/A,N/A,,N/A
sign,156,250,N/A,N/A,,N/A
connection,173,250,N/A,N/A,,N/A
get,188,213,N/A,N/A,,N/A
follow,213,233,N/A,N/A,,N/A
alerts,219,221,N/A,N/A,,N/A
college,220,250,N/A,N/A,,N/A
baseball,228,243,N/A,N/A,,N/A
australian,-,250,N/A,N/A,,N/A
bowl,-,27,N/A,N/A,,N/A
bright,-,250,N/A,N/A,,N/A
golf,-,31,N/A,N/A,,N/A
more,-,250,N/A,N/A,,N/A
now,-,250,N/A,N/A,,N/A
regional,-,234,N/A,N/A,,N/A
take,-,250,N/A,N/A,,N/A
patience,2,"1,223",N/A,N/A,,N/A
solitaire,4,"2,159",N/A,N/A,,N/A
large,7,578,N/A,N/A,,N/A
shots,7,"2,129",N/A,N/A,,N/A
swagbucks,12,41,N/A,N/A,,N/A
classic,14,"2,120",N/A,N/A,,N/A
klondike,15,"2,122",N/A,N/A,,N/A
solution,15,"2,136",N/A,N/A,,N/A
card,19,"2,127",N/A,N/A,,N/A
undo,21,"2,119",N/A,N/A,,N/A
perk,24,388,N/A,N/A,,N/A
classic slots,27,"2,173",N/A,N/A,,N/A
dive,27,"2,133",N/A,N/A,,N/A
tv,28,"2,123",N/A,N/A,,N/A
single,32,"2,098",N/A,N/A,,N/A
singles,33,"2,131",N/A,N/A,,N/A
hooked,35,263,N/A,N/A,,N/A
dice,36,"2,136",N/A,N/A,,N/A
game,37,"2,200",N/A,N/A,,N/A
games,37,"2,200",N/A,N/A,,N/A
big,43,"2,165",N/A,N/A,,N/A
#1,44,"2,071",N/A,N/A,,N/A
one,47,"2,069",N/A,N/A,,N/A
classics,53,"2,109",N/A,N/A,,N/A
llc,65,"2,074",N/A,N/A,,N/A
watch,76,"2,068",N/A,N/A,,N/A
for,117,"2,081",N/A,N/A,,N/A
best,136,"2,108",N/A,N/A,,N/A
the best,141,"2,097",N/A,N/A,,N/A
center,309,"2,095",N/A,N/A,,N/A
earth,1,"2,077",N/A,N/A,,N/A
google earth,1,393,N/A,N/A,,N/A
world,1,"2,098",N/A,N/A,,N/A
globe,3,822,N/A,N/A,,N/A
world travel,3,"2,126",N/A,N/A,,N/A
atlas,4,"1,588",N/A,N/A,,N/A
map,4,"2,092",N/A,N/A,,N/A
maps,4,"2,089",N/A,N/A,,N/A
google,6,"2,094",N/A,N/A,,N/A
navigator,7,"2,119",N/A,N/A,,N/A
national,9,"2,176",N/A,N/A,,N/A
navigation,9,"2,110",N/A,N/A,,N/A
3d,10,"2,103",N/A,N/A,,N/A
climate,11,622,N/A,N/A,,N/A
travel,13,"2,145",N/A,N/A,,N/A
been,14,147,N/A,N/A,,N/A
photosphere,14,43,N/A,N/A,,N/A
travool,14,"2,118",N/A,N/A,,N/A
wmaps,14,"2,071",N/A,N/A,,N/A
adsense,15,67,N/A,N/A,,N/A
plus,16,"2,061",N/A,N/A,,N/A
planet,17,"2,112",N/A,N/A,,N/A
receiver,17,174,N/A,N/A,,N/A
ways,17,"2,142",N/A,N/A,,N/A
way,21,"2,137",N/A,N/A,,N/A
google drive,35,654,N/A,N/A,,N/A
adwords,40,54,N/A,N/A,,N/A
drive,95,"2,106",N/A,N/A,,N/A
inc.,180,"2,132",N/A,N/A,,N/A
business,314,"2,098",N/A,N/A,,N/A
google,1,"2,094",N/A,N/A,,N/A
internetdj,2,"2,121",N/A,N/A,,N/A
search,4,"2,129",N/A,N/A,,N/A
mobigage free,5,"2,168",N/A,N/A,,N/A
just,6,"2,101",N/A,N/A,,N/A
plus,9,"2,061",N/A,N/A,,N/A
made,10,"1,528",N/A,N/A,,N/A
youtube,11,"2,102",N/A,N/A,,N/A
go,13,"2,108",N/A,N/A,,N/A
mobile,13,"2,147",N/A,N/A,,N/A
finder,15,"2,098",N/A,N/A,,N/A
usearch,15,"2,111",N/A,N/A,,N/A
talk,16,"2,108",N/A,N/A,,N/A
galileo,17,119,N/A,N/A,,N/A
inbox,17,195,N/A,N/A,,N/A
app,19,"2,200",N/A,N/A,,N/A
drive,26,"2,106",N/A,N/A,,N/A
now,27,"2,138",N/A,N/A,,N/A
talking,32,"2,112",N/A,N/A,,N/A
adwords,38,54,N/A,N/A,,N/A
web,45,"2,071",N/A,N/A,,N/A
authenticator,51,141,N/A,N/A,,N/A
nearby,51,"2,118",N/A,N/A,,N/A
browser,52,"2,052",N/A,N/A,,N/A
local,55,"2,175",N/A,N/A,,N/A
find,63,"2,111",N/A,N/A,,N/A
for,65,"2,081",N/A,N/A,,N/A
inc.,156,"2,132",N/A,N/A,,N/A
weather,381,"2,125",N/A,N/A,,N/A
video,1484,"2,078",N/A,N/A,,N/A
channel,1,250,N/A,N/A,,N/A
weather,3,245,N/A,N/A,,N/A
forecast,5,249,N/A,N/A,,N/A
radar,6,34,N/A,N/A,,N/A
know,9,250,N/A,N/A,,N/A
storm,9,250,N/A,N/A,,N/A
current,14,250,N/A,N/A,,N/A
outdoor,14,250,N/A,N/A,,N/A
map,17,75,N/A,N/A,,N/A
tornado,30,250,N/A,N/A,,N/A
wind,31,250,N/A,N/A,,N/A
satellite,41,249,N/A,N/A,,N/A
the,46,250,N/A,N/A,,N/A
near,48,214,N/A,N/A,,N/A
news,49,79,N/A,N/A,,N/A
more,90,250,N/A,N/A,,N/A
alerts,189,221,N/A,N/A,,N/A
change,221,250,N/A,N/A,,N/A
info,225,231,N/A,N/A,,N/A
lightning,231,250,N/A,N/A,,N/A
bar,-,250,N/A,N/A,,N/A
get,-,213,N/A,N/A,,N/A
layers,-,223,N/A,N/A,,N/A
local,-,209,N/A,N/A,,N/A
national,-,250,N/A,N/A,,N/A
now,-,250,N/A,N/A,,N/A
rain,-,236,N/A,N/A,,N/A
stay,-,250,N/A,N/A,,N/A
tropical,-,250,N/A,N/A,,N/A
what,-,250,N/A,N/A,,N/A
