,Top Keywords,Ranking,Results,Traffic ShareBETA,Search Volume,Difficulty,Search Volume / Difficulty,,,,,,
,,21-Nov-16,21-Nov-16,,,,,,,,,,
,amazon,1,"1,494","1,494",N/A,,N/A,,N/A,,N/A,,
,prices,1,"2,127","2,127",N/A,,N/A,,N/A,,N/A,,
,rid scan,1,"1,145","1,145",N/A,,N/A,,N/A,,N/A,,
,anafen mobil,2,59,59,N/A,,N/A,,N/A,,N/A,,
,gecode free,2,"2,164","2,164",N/A,,N/A,,N/A,,N/A,,
,wish,5,"2,117","2,117",N/A,,N/A,,N/A,,N/A,,
,compare,6,"1,424","1,424",N/A,,N/A,,N/A,,N/A,,
,and,7,"2,182","2,182",N/A,,N/A,,N/A,,N/A,,
,prime,7,"1,245","1,245",N/A,,N/A,,N/A,,N/A,,
,shop,7,"2,158","2,158",N/A,,N/A,,N/A,,N/A,,
,&,8,"2,184","2,184",N/A,,N/A,,N/A,,N/A,,
,shopping,8,"2,174","2,174",N/A,,N/A,,N/A,,N/A,,
,mobigage free,12,"2,168","2,168",N/A,,N/A,,N/A,,N/A,,
,read,12,"2,027","2,027",N/A,,N/A,,N/A,,N/A,,
,reviews,15,"2,020","2,020",N/A,,N/A,,N/A,,N/A,,
,amazing,17,"2,124","2,124",N/A,,N/A,,N/A,,N/A,,
,review,17,"2,137","2,137",N/A,,N/A,,N/A,,N/A,,
,check,21,"2,095","2,095",N/A,,N/A,,N/A,,N/A,,
,scanner,32,"2,065","2,065",N/A,,N/A,,N/A,,N/A,,
,watch,36,"2,068","2,068",N/A,,N/A,,N/A,,N/A,,
,baby,39,"2,118","2,118",N/A,,N/A,,N/A,,N/A,,
,or,48,"2,102","2,102",N/A,,N/A,,N/A,,N/A,,
,a,64,"2,186","2,186",N/A,,N/A,,N/A,,N/A,,
,shipping,68,"2,161","2,161",N/A,,N/A,,N/A,,N/A,,
,mobile,77,"2,147","2,147",N/A,,N/A,,N/A,,N/A,,
,llc,98,"2,074","2,074",N/A,,N/A,,N/A,,N/A,,
,code,185,"2,099","2,099",N/A,,N/A,,N/A,,N/A,,
,books,218,"2,079","2,079",N/A,,N/A,,N/A,,N/A,,
,qr,371,"2,108","2,108",N/A,,N/A,,N/A,,N/A,,
,reader,537,"2,077","2,077",N/A,,N/A,,N/A,,N/A,,